trips,mmsi,time,lat,lon,sog,cog,vessel_type,flag
0.0,316002721.0,2020-04-06 05:42:48,37.6018,-122.6299,9.2,316.2,30.0,Canada
0.0,316002721.0,2020-04-06 08:00:17,37.8587,-122.8962,7.8,313.6,30.0,Canada
0.0,316002721.0,2020-04-06 08:01:48,37.8614,-122.8991,8.5,319.6,30.0,Canada
0.0,316002721.0,2020-04-07 19:29:51,37.8201,-122.8488,8.6,144.5,30.0,Canada
0.0,316002721.0,2020-04-07 21:15:50,37.6012,-122.6846,8.8,145.0,30.0,Canada
1.0,338107922.0,2020-06-28 07:01:28,37.833,-122.8961,8.9,140.7,30.0,United States of America
1.0,338107922.0,2020-06-28 07:52:28,37.7498,-122.8125,6.2,140.4,30.0,United States of America
1.0,338107922.0,2020-06-28 07:54:28,37.7464,-122.8093,9.5,142.3,30.0,United States of America
1.0,338107922.0,2020-06-28 08:37:29,37.6744,-122.7434,7.9,141.7,30.0,United States of America
1.0,338107922.0,2020-06-28 08:38:59,37.6718,-122.7411,6.9,148.2,30.0,United States of America
1.0,338107922.0,2020-06-28 09:06:29,37.6278,-122.7023,6.6,145.8,30.0,United States of America
2.0,338169652.0,2020-06-27 23:16:22,37.601,-122.5704,8.8,356.7,30.0,United States of America
2.0,338169652.0,2020-06-28 00:11:51,37.7291,-122.5813,9.0,22.3,30.0,United States of America
2.0,338169652.0,2020-06-28 00:13:20,37.7327,-122.5798,9.6,22.3,30.0,United States of America
2.0,338169652.0,2020-06-28 00:59:50,37.8115,-122.4806,8.6,52.6,30.0,United States of America
2.0,338169652.0,2020-06-28 01:00:22,37.8122,-122.4794,8.1,59.7,30.0,United States of America
2.0,338169652.0,2020-06-28 01:27:52,37.8103,-122.4208,2.6,215.0,30.0,United States of America
3.0,338171267.0,2020-05-24 20:57:14,37.6002,-122.528,2.5,24.7,30.0,United States of America
3.0,338171267.0,2020-05-24 22:32:43,37.7341,-122.5975,2.5,17.3,30.0,United States of America
3.0,338171267.0,2020-05-24 22:33:44,37.7348,-122.5969,3.9,73.9,30.0,United States of America
3.0,338171267.0,2020-05-24 23:49:42,37.7162,-122.5941,1.6,15.9,30.0,United States of America
3.0,338171267.0,2020-05-24 23:51:12,37.7162,-122.5937,2.4,18.9,30.0,United States of America
3.0,338171267.0,2020-05-25 00:54:41,37.6005,-122.5352,2.4,173.1,30.0,United States of America
3.0,338171267.0,2020-05-25 14:17:38,37.6,-122.5379,9.9,17.3,30.0,United States of America
3.0,338171267.0,2020-05-25 14:48:38,37.6435,-122.5256,10.6,2.6,30.0,United States of America
3.0,338171267.0,2020-05-25 14:50:38,37.6493,-122.5264,11.0,346.1,30.0,United States of America
3.0,338171267.0,2020-05-25 15:44:39,37.7435,-122.6807,8.9,303.0,30.0,United States of America
3.0,338171267.0,2020-05-25 15:46:09,37.7446,-122.6841,2.5,286.4,30.0,United States of America
3.0,338171267.0,2020-05-25 17:09:08,37.7739,-122.7161,2.9,24.3,30.0,United States of America
3.0,338171267.0,2020-05-25 17:10:37,37.7747,-122.7156,1.4,54.3,30.0,United States of America
3.0,338171267.0,2020-05-25 18:01:39,37.7203,-122.5793,9.4,123.6,30.0,United States of America
3.0,338171267.0,2020-05-25 18:03:08,37.7179,-122.5754,10.3,151.2,30.0,United States of America
3.0,338171267.0,2020-05-25 20:24:09,37.7272,-122.6013,2.8,337.1,30.0,United States of America
3.0,338171267.0,2020-05-25 20:25:37,37.7272,-122.6015,1.9,124.8,30.0,United States of America
3.0,338171267.0,2020-05-25 22:01:39,37.608,-122.5303,9.7,177.7,30.0,United States of America
3.0,338171267.0,2020-05-25 22:03:39,37.6023,-122.5301,10.3,193.7,30.0,United States of America
3.0,338171267.0,2020-06-23 18:09:52,37.6007,-122.5274,2.5,199.9,30.0,United States of America
3.0,338171267.0,2020-06-30 14:03:39,37.6021,-122.5262,11.0,12.9,30.0,United States of America
3.0,338171267.0,2020-06-30 17:28:40,37.6714,-122.5342,2.1,325.4,30.0,United States of America
3.0,338171267.0,2020-06-30 17:30:39,37.6719,-122.5353,2.2,184.6,30.0,United States of America
3.0,338171267.0,2020-06-30 18:17:10,37.6051,-122.5272,9.2,205.3,30.0,United States of America
4.0,338178569.0,2020-06-19 19:55:57,37.7847,-122.2671,0.9,127.9,30.0,United States of America
4.0,338178569.0,2020-06-19 21:55:13,37.8712,-122.4264,1.5,303.7,30.0,United States of America
4.0,338178569.0,2020-06-19 21:56:40,37.8712,-122.4271,1.1,332.7,30.0,United States of America
4.0,338178569.0,2020-06-19 23:53:05,37.8155,-122.4147,7.4,162.3,30.0,United States of America
4.0,338178569.0,2020-06-19 23:54:35,37.8129,-122.4139,6.3,160.5,30.0,United States of America
4.0,338178569.0,2020-06-20 01:19:36,37.7868,-122.2677,5.7,132.0,30.0,United States of America
4.0,338178569.0,2020-06-20 01:20:38,37.7857,-122.2665,4.1,146.8,30.0,United States of America
4.0,338178569.0,2020-06-20 02:13:36,37.7847,-122.2672,0.0,280.3,30.0,United States of America
5.0,338181178.0,2020-05-23 16:58:22,37.6359,-122.55,3.9,1.1,30.0,United States of America
5.0,338181178.0,2020-06-14 16:50:22,37.601,-122.8458,3.5,140.5,30.0,United States of America
5.0,338181178.0,2020-06-30 13:59:52,37.9445,-122.8968,8.4,133.3,30.0,United States of America
5.0,338181178.0,2020-06-30 16:08:42,37.8105,-122.6897,2.7,128.8,30.0,United States of America
5.0,338181178.0,2020-06-30 16:10:12,37.8099,-122.6885,3.0,130.4,30.0,United States of America
5.0,338181178.0,2020-06-30 23:25:12,37.6012,-122.5299,7.7,181.8,30.0,United States of America
6.0,338181459.0,2020-04-01 00:02:58,37.8105,-122.4196,0.0,360.0,30.0,United States of America
6.0,338181459.0,2020-04-13 17:21:03,37.6027,-122.581,8.5,157.7,30.0,United States of America
7.0,338186925.0,2020-04-26 07:59:33,38.8809,-122.5028,45.3,143.4,30.0,United States of America
7.0,338186925.0,2020-04-26 08:00:36,38.1729,-122.4878,22.4,143.8,30.0,United States of America
7.0,338186925.0,2020-04-26 08:15:33,38.1125,-122.4252,16.3,138.5,30.0,United States of America
7.0,338186925.0,2020-04-26 08:17:41,38.8233,-122.3391,41.6,147.9,30.0,United States of America
7.0,338186925.0,2020-04-26 09:21:01,37.8051,-122.3216,11.8,176.0,30.0,United States of America
7.0,338186925.0,2020-04-26 09:23:03,37.7982,-122.3214,7.8,162.2,30.0,United States of America
7.0,338186925.0,2020-05-03 16:22:40,37.6075,-122.5562,11.6,124.6,30.0,United States of America
7.0,338186925.0,2020-05-05 23:59:10,38.155,-122.5518,25.4,173.4,30.0,United States of America
7.0,338186925.0,2020-05-08 05:51:45,37.6008,-122.3476,6.2,103.4,30.0,United States of America
7.0,338186925.0,2020-05-08 05:52:49,37.6004,-122.3451,5.8,112.4,30.0,United States of America
7.0,338186925.0,2020-05-09 22:26:17,37.7467,-122.8772,0.0,292.8,30.0,United States of America
7.0,338186925.0,2020-05-15 05:31:32,37.602,-122.8826,10.4,341.7,30.0,United States of America
7.0,338186925.0,2020-05-21 14:08:11,37.6797,-122.3976,27.0,207.1,30.0,United States of America
7.0,338186925.0,2020-05-21 14:10:40,38.1176,-122.2043,45.2,215.6,30.0,United States of America
7.0,338186925.0,2020-05-22 14:07:24,37.6695,-122.4065,13.1,213.9,30.0,United States of America
7.0,338186925.0,2020-05-22 14:08:27,37.6666,-122.4091,15.2,212.0,30.0,United States of America
7.0,338186925.0,2020-06-13 00:34:56,37.6587,-122.482,5.6,276.5,30.0,United States of America
7.0,338186925.0,2020-06-13 03:15:05,37.6591,-122.8465,10.5,30.1,30.0,United States of America
7.0,338186925.0,2020-06-15 03:11:55,37.6004,-122.3591,6.1,102.1,30.0,United States of America
7.0,338186925.0,2020-06-15 04:28:57,38.268,-122.5236,15.4,101.4,30.0,United States of America
7.0,338186925.0,2020-06-18 02:59:21,37.6004,-122.3598,6.0,102.5,30.0,United States of America
7.0,338186925.0,2020-06-18 03:00:18,37.6,-122.358,6.0,102.7,30.0,United States of America
7.0,338186925.0,2020-06-21 07:40:13,37.7626,-122.4768,21.6,266.1,30.0,United States of America
7.0,338186925.0,2020-06-24 23:38:41,38.5912,-122.394,41.6,255.3,30.0,United States of America
7.0,338186925.0,2020-06-27 03:32:56,38.2165,-122.5566,16.3,115.1,30.0,United States of America
7.0,338186925.0,2020-06-27 03:36:55,38.1222,-122.5295,39.2,158.2,30.0,United States of America
7.0,338186925.0,2020-06-27 03:37:56,38.8067,-122.5723,52.3,147.9,30.0,United States of America
7.0,338186925.0,2020-06-27 04:27:57,37.6459,-122.4424,30.1,186.6,30.0,United States of America
7.0,338186925.0,2020-06-28 23:28:14,38.7269,-122.4763,44.3,272.0,30.0,United States of America
8.0,338205971.0,2020-04-01 18:47:06,37.8102,-122.4218,0.0,0.0,30.0,United States of America
8.0,338205971.0,2020-04-05 14:29:55,37.8125,-122.4194,4.6,312.5,30.0,United States of America
8.0,338205971.0,2020-04-07 06:22:50,37.6004,-122.7104,6.9,40.2,30.0,United States of America
8.0,338205971.0,2020-04-07 09:30:17,37.8128,-122.4215,5.5,102.8,30.0,United States of America
8.0,338205971.0,2020-04-07 09:31:47,37.8118,-122.4198,5.8,250.8,30.0,United States of America
8.0,338205971.0,2020-04-13 00:45:41,37.8111,-122.4208,5.0,341.7,30.0,United States of America
8.0,338205971.0,2020-04-13 00:47:13,37.8126,-122.4195,6.9,310.5,30.0,United States of America
8.0,338205971.0,2020-04-13 03:05:32,37.6002,-122.6379,8.3,207.9,30.0,United States of America
8.0,338205971.0,2020-04-14 11:05:46,37.6,-122.6804,7.0,28.5,30.0,United States of America
8.0,338205971.0,2020-04-14 13:38:16,37.8145,-122.4336,6.3,95.3,30.0,United States of America
8.0,338205971.0,2020-04-14 13:39:46,37.8142,-122.4303,6.1,94.8,30.0,United States of America
8.0,338205971.0,2020-04-21 00:53:20,37.6018,-122.6353,6.7,18.0,30.0,United States of America
8.0,338205971.0,2020-04-21 03:19:44,37.8139,-122.4283,9.1,99.0,30.0,United States of America
8.0,338205971.0,2020-04-21 03:21:16,37.8132,-122.4235,8.9,99.0,30.0,United States of America
8.0,338205971.0,2020-05-01 13:57:33,37.8117,-122.4204,5.1,65.7,30.0,United States of America
8.0,338205971.0,2020-05-01 13:58:34,37.8127,-122.4198,7.4,284.9,30.0,United States of America
8.0,338205971.0,2020-05-01 14:39:36,37.7871,-122.5222,7.8,217.0,30.0,United States of America
8.0,338205971.0,2020-05-01 14:41:06,37.7845,-122.5248,7.8,209.3,30.0,United States of America
8.0,338205971.0,2020-05-01 16:08:45,37.6034,-122.6082,8.1,208.7,30.0,United States of America
8.0,338205971.0,2020-05-01 16:09:46,37.6013,-122.6091,7.1,201.1,30.0,United States of America
8.0,338205971.0,2020-05-03 06:58:01,37.6024,-122.5691,5.8,13.1,30.0,United States of America
8.0,338205971.0,2020-05-03 08:27:13,37.7481,-122.5546,5.4,32.9,30.0,United States of America
8.0,338205971.0,2020-05-03 08:28:14,37.7494,-122.554,6.0,29.0,30.0,United States of America
8.0,338205971.0,2020-05-03 09:48:14,37.8119,-122.4345,6.8,86.6,30.0,United States of America
8.0,338205971.0,2020-05-03 09:49:15,37.812,-122.4321,6.7,85.2,30.0,United States of America
8.0,338205971.0,2020-05-18 08:23:48,37.6027,-122.5558,7.0,12.2,30.0,United States of America
8.0,338205971.0,2020-05-18 10:07:10,37.7619,-122.6226,6.7,4.3,30.0,United States of America
8.0,338205971.0,2020-05-18 10:08:11,37.7638,-122.6221,7.1,33.5,30.0,United States of America
8.0,338205971.0,2020-05-18 11:26:43,37.8132,-122.4738,6.5,94.6,30.0,United States of America
9.0,338219451.0,2020-04-06 12:56:17,37.9633,-122.7481,8.6,115.1,30.0,United States of America
9.0,338219451.0,2020-04-06 13:00:17,37.965,-122.7423,4.0,58.8,30.0,United States of America
9.0,338219451.0,2020-04-13 07:23:53,38.6981,-122.6459,0.0,165.9,30.0,United States of America
9.0,338219451.0,2020-04-21 08:10:29,38.5288,-122.8776,11.2,79.0,30.0,United States of America
10.0,338227582.0,2020-06-14 16:02:49,37.6009,-122.8845,2.6,1.2,30.0,United States of America
10.0,338227582.0,2020-06-14 17:05:19,37.6001,-122.8396,2.8,142.3,30.0,United States of America
10.0,338227582.0,2020-06-28 11:44:32,37.9284,-122.8982,9.0,140.7,30.0,United States of America
10.0,338227582.0,2020-06-28 14:36:32,37.6002,-122.5825,11.8,150.9,30.0,United States of America
11.0,338234637.0,2020-04-06 12:41:06,37.9142,-122.3544,0.0,360.0,30.0,United States of America
11.0,338234637.0,2020-04-06 13:00:01,37.9089,-122.359,6.7,268.7,30.0,United States of America
11.0,338234637.0,2020-04-06 13:02:01,37.9055,-122.3621,16.2,199.2,30.0,United States of America
11.0,338234637.0,2020-04-06 14:19:24,37.8048,-122.762,7.1,264.0,30.0,United States of America
11.0,338234637.0,2020-04-06 14:20:38,37.8048,-122.7651,9.3,274.4,30.0,United States of America
11.0,338234637.0,2020-04-06 15:16:16,37.8168,-122.4435,24.7,91.5,30.0,United States of America
11.0,338234637.0,2020-04-06 15:18:11,37.8175,-122.4273,24.4,83.7,30.0,United States of America
11.0,338234637.0,2020-04-06 16:17:49,37.9121,-122.354,5.8,4.2,30.0,United States of America
11.0,338234637.0,2020-04-06 16:19:00,37.9137,-122.3538,3.2,1.9,30.0,United States of America
11.0,338234637.0,2020-05-16 12:22:11,37.9141,-122.3541,0.0,360.0,30.0,United States of America
11.0,338234637.0,2020-05-16 12:25:09,37.914,-122.354,0.0,360.0,30.0,United States of America
11.0,338234637.0,2020-05-16 13:42:58,37.8032,-122.6693,2.3,242.8,30.0,United States of America
11.0,338234637.0,2020-05-16 13:44:13,37.8032,-122.6698,0.6,268.5,30.0,United States of America
11.0,338234637.0,2020-05-16 14:56:33,37.9114,-122.3541,6.4,1.6,30.0,United States of America
11.0,338234637.0,2020-05-16 14:57:46,37.9134,-122.3539,4.7,2.5,30.0,United States of America
11.0,338234637.0,2020-06-11 13:27:27,37.9141,-122.3544,0.1,360.0,30.0,United States of America
11.0,338234637.0,2020-06-11 13:30:25,37.9139,-122.354,1.4,252.6,30.0,United States of America
11.0,338234637.0,2020-06-11 14:23:10,37.8103,-122.4364,0.6,265.2,30.0,United States of America
11.0,338234637.0,2020-06-11 14:26:10,37.8103,-122.437,0.6,292.0,30.0,United States of America
11.0,338234637.0,2020-06-11 18:37:16,37.9148,-122.355,0.0,360.0,30.0,United States of America
12.0,338312677.0,2020-05-16 18:57:36,37.8465,-122.6555,9.2,290.4,30.0,United States of America
12.0,338312677.0,2020-05-16 19:15:36,37.8595,-122.7092,8.8,290.9,30.0,United States of America
12.0,338312677.0,2020-05-16 19:18:38,37.862,-122.7174,8.4,289.8,30.0,United States of America
12.0,338312677.0,2020-05-16 19:48:37,37.8926,-122.7956,8.6,299.4,30.0,United States of America
13.0,338314868.0,2020-04-16 21:50:58,37.87,-122.4992,0.0,360.0,30.0,United States of America
13.0,338314868.0,2020-04-17 20:56:52,37.87,-122.4993,0.0,360.0,30.0,United States of America
13.0,338314868.0,2020-04-30 23:50:41,38.4074,-122.7512,0.0,360.0,30.0,United States of America
13.0,338314868.0,2020-05-01 12:41:03,37.9139,-122.3542,0.0,360.0,30.0,United States of America
13.0,338314868.0,2020-05-01 12:44:32,37.9139,-122.354,1.5,91.1,30.0,United States of America
13.0,338314868.0,2020-05-01 13:39:41,37.7868,-122.6097,12.1,260.9,30.0,United States of America
13.0,338314868.0,2020-05-01 13:40:56,37.7864,-122.6144,5.4,268.9,30.0,United States of America
13.0,338314868.0,2020-05-01 14:50:59,37.7128,-122.7295,5.0,207.7,30.0,United States of America
13.0,338314868.0,2020-05-01 14:52:27,37.711,-122.7314,4.0,275.3,30.0,United States of America
13.0,338314868.0,2020-05-01 16:06:14,37.8704,-122.6818,2.0,26.5,30.0,United States of America
13.0,338314868.0,2020-05-01 16:07:43,37.8713,-122.6811,1.7,14.1,30.0,United States of America
13.0,338314868.0,2020-05-01 18:27:57,37.8058,-122.5449,0.8,351.5,30.0,United States of America
13.0,338314868.0,2020-05-01 18:29:29,37.8062,-122.5449,2.9,30.6,30.0,United States of America
13.0,338314868.0,2020-05-01 18:52:37,37.8783,-122.4379,24.3,39.5,30.0,United States of America
13.0,338314868.0,2020-05-01 18:53:41,37.8841,-122.437,20.6,328.6,30.0,United States of America
13.0,338314868.0,2020-05-02 00:52:00,37.9148,-122.355,0.0,360.0,30.0,United States of America
13.0,338314868.0,2020-05-02 00:53:57,37.9149,-122.3551,3.2,321.8,30.0,United States of America
13.0,338314868.0,2020-05-02 01:20:12,37.9341,-122.4287,102.3,360.0,30.0,United States of America
13.0,338314868.0,2020-05-02 01:23:10,37.9341,-122.4287,102.3,360.0,30.0,United States of America
13.0,338314868.0,2020-05-02 01:24:56,38.2037,-122.5984,58.8,357.5,30.0,United States of America
13.0,338314868.0,2020-05-02 01:32:05,38.2207,-122.6072,102.3,360.0,30.0,United States of America
13.0,338314868.0,2020-05-02 01:38:07,38.2207,-122.6072,102.3,360.0,30.0,United States of America
13.0,338314868.0,2020-05-02 01:40:15,38.3867,-122.7178,2.6,357.7,30.0,United States of America
13.0,338314868.0,2020-05-02 01:46:35,38.4072,-122.7481,25.6,269.7,30.0,United States of America
13.0,338314868.0,2020-05-02 01:47:40,38.4075,-122.7512,1.2,3.9,30.0,United States of America
13.0,338314868.0,2020-05-16 13:33:37,38.1091,-122.4642,25.2,118.8,30.0,United States of America
13.0,338314868.0,2020-05-16 13:34:42,38.1052,-122.4559,25.2,141.0,30.0,United States of America
13.0,338314868.0,2020-05-16 14:14:21,37.8322,-122.4708,25.5,214.9,30.0,United States of America
13.0,338314868.0,2020-05-16 14:15:26,37.8259,-122.4768,25.3,225.4,30.0,United States of America
13.0,338314868.0,2020-05-16 14:56:36,37.8304,-122.6172,3.6,186.4,30.0,United States of America
13.0,338314868.0,2020-05-16 14:58:06,37.8292,-122.6163,3.8,121.5,30.0,United States of America
13.0,338314868.0,2020-05-16 20:43:22,37.8666,-122.6902,3.2,322.4,30.0,United States of America
13.0,338314868.0,2020-05-16 20:44:53,37.8675,-122.6903,2.7,85.8,30.0,United States of America
13.0,338314868.0,2020-05-16 23:31:04,37.8117,-122.5434,19.7,98.2,30.0,United States of America
13.0,338314868.0,2020-05-16 23:32:09,37.8116,-122.536,19.5,88.1,30.0,United States of America
13.0,338314868.0,2020-05-17 00:21:50,38.0969,-122.4487,25.2,345.4,30.0,United States of America
13.0,338314868.0,2020-05-17 00:22:55,38.1036,-122.4535,25.5,326.3,30.0,United States of America
13.0,338314868.0,2020-05-17 01:02:44,38.1143,-122.5065,0.0,360.0,30.0,United States of America
13.0,338314868.0,2020-05-19 00:42:21,38.4074,-122.7512,0.0,360.0,30.0,United States of America
13.0,338314868.0,2020-06-11 18:20:13,38.3871,-122.7409,23.3,89.8,30.0,United States of America
13.0,338314868.0,2020-06-11 18:34:02,38.372,-122.7145,102.3,360.0,30.0,United States of America
13.0,338314868.0,2020-06-11 18:37:03,38.372,-122.7145,102.3,360.0,30.0,United States of America
13.0,338314868.0,2020-06-11 18:40:48,38.1713,-122.5872,56.2,133.8,30.0,United States of America
13.0,338314868.0,2020-06-11 18:53:10,38.1284,-122.565,102.3,360.0,30.0,United States of America
13.0,338314868.0,2020-06-11 18:56:10,38.1284,-122.565,102.3,360.0,30.0,United States of America
13.0,338314868.0,2020-06-11 18:58:40,37.9403,-122.467,53.4,108.5,30.0,United States of America
13.0,338314868.0,2020-06-11 19:06:39,37.9159,-122.36,25.8,175.0,30.0,United States of America
13.0,338314868.0,2020-06-11 19:07:44,37.9137,-122.3552,5.1,63.9,30.0,United States of America
13.0,338314868.0,2020-06-11 19:59:14,37.8118,-122.5398,10.6,272.6,30.0,United States of America
13.0,338314868.0,2020-06-11 20:00:14,37.8127,-122.5448,15.4,287.3,30.0,United States of America
13.0,338314868.0,2020-06-11 22:29:49,37.8549,-122.5899,4.2,324.0,30.0,United States of America
13.0,338314868.0,2020-06-11 22:31:21,37.8555,-122.5911,2.1,355.1,30.0,United States of America
13.0,338314868.0,2020-06-12 02:18:46,37.9088,-122.3566,5.3,87.8,30.0,United States of America
13.0,338314868.0,2020-06-12 02:20:02,37.909,-122.3546,4.3,72.4,30.0,United States of America
13.0,338314868.0,2020-06-12 02:54:44,37.9148,-122.3548,0.0,360.0,30.0,United States of America
13.0,338314868.0,2020-06-14 22:07:40,38.4074,-122.7512,0.0,360.0,30.0,United States of America
13.0,338314868.0,2020-06-30 21:13:52,38.4074,-122.7512,0.0,360.0,30.0,United States of America
14.0,338322655.0,2020-06-22 19:09:30,37.6012,-122.6857,7.7,309.5,30.0,United States of America
14.0,338322655.0,2020-06-22 19:21:28,37.6165,-122.7085,7.6,308.6,30.0,United States of America
14.0,338322655.0,2020-06-22 19:22:31,37.6177,-122.7106,7.2,289.1,30.0,United States of America
14.0,338322655.0,2020-06-22 19:29:01,37.6132,-122.7246,6.4,245.2,30.0,United States of America
15.0,338691000.0,2020-06-10 15:39:28,37.865,-122.4936,0.0,70.3,30.0,United States of America
15.0,338691000.0,2020-06-10 23:25:46,37.865,-122.4936,0.0,341.9,30.0,United States of America
15.0,338691000.0,2020-06-12 16:30:53,37.8479,-122.4732,6.3,189.0,30.0,United States of America
15.0,338691000.0,2020-06-12 17:41:04,37.7957,-122.3877,5.2,162.3,30.0,United States of America
15.0,338691000.0,2020-06-12 17:42:14,37.7952,-122.3864,3.5,60.9,30.0,United States of America
15.0,338691000.0,2020-06-12 18:18:14,37.8607,-122.4012,5.1,347.0,30.0,United States of America
15.0,338691000.0,2020-06-12 18:19:24,37.8622,-122.4018,4.8,341.1,30.0,United States of America
15.0,338691000.0,2020-06-12 18:53:34,37.8878,-122.405,1.7,3.6,30.0,United States of America
15.0,338691000.0,2020-06-12 18:54:43,37.8882,-122.4051,1.0,295.9,30.0,United States of America
15.0,338691000.0,2020-06-12 19:36:33,37.8666,-122.4099,2.2,170.1,30.0,United States of America
15.0,338691000.0,2020-06-12 19:37:34,37.8662,-122.4107,3.1,265.5,30.0,United States of America
15.0,338691000.0,2020-06-12 20:30:24,37.8654,-122.4929,0.8,248.1,30.0,United States of America
15.0,338691000.0,2020-06-12 20:31:34,37.8653,-122.4932,0.2,244.5,30.0,United States of America
15.0,338691000.0,2020-06-13 15:40:54,37.8654,-122.493,0.1,167.9,30.0,United States of America
15.0,338691000.0,2020-06-13 15:42:03,37.8659,-122.4928,0.3,127.2,30.0,United States of America
15.0,338691000.0,2020-06-13 16:16:23,37.8497,-122.47,4.3,120.9,30.0,United States of America
15.0,338691000.0,2020-06-13 16:17:34,37.8486,-122.4687,5.1,146.8,30.0,United States of America
15.0,338691000.0,2020-06-13 16:40:34,37.812,-122.4616,5.7,164.8,30.0,United States of America
15.0,338691000.0,2020-06-13 16:41:44,37.8102,-122.4612,5.1,194.3,30.0,United States of America
15.0,338691000.0,2020-06-13 16:54:23,37.8259,-122.4731,5.2,12.8,30.0,United States of America
15.0,338691000.0,2020-06-13 16:55:35,37.8267,-122.474,3.7,276.0,30.0,United States of America
15.0,338691000.0,2020-06-13 17:15:05,37.8032,-122.4854,4.9,168.0,30.0,United States of America
15.0,338691000.0,2020-06-13 17:16:15,37.8018,-122.4854,2.1,211.2,30.0,United States of America
15.0,338691000.0,2020-06-13 17:52:24,37.8391,-122.4668,4.8,15.8,30.0,United States of America
15.0,338691000.0,2020-06-13 17:53:25,37.8406,-122.4662,5.9,15.5,30.0,United States of America
15.0,338691000.0,2020-06-13 18:16:35,37.839,-122.4701,2.5,105.3,30.0,United States of America
15.0,338691000.0,2020-06-13 18:17:44,37.8395,-122.4698,2.5,327.1,30.0,United States of America
15.0,338691000.0,2020-06-13 18:44:34,37.8666,-122.4895,3.3,297.7,30.0,United States of America
15.0,338691000.0,2020-06-13 18:45:43,37.8667,-122.4908,2.7,250.1,30.0,United States of America
15.0,338691000.0,2020-06-14 15:56:31,37.8653,-122.4932,0.0,258.7,30.0,United States of America
15.0,338691000.0,2020-06-14 15:57:42,37.8654,-122.4931,0.1,258.7,30.0,United States of America
15.0,338691000.0,2020-06-14 17:39:12,37.8129,-122.4169,2.9,123.7,30.0,United States of America
15.0,338691000.0,2020-06-14 17:40:23,37.8122,-122.4166,1.3,185.0,30.0,United States of America
15.0,338691000.0,2020-06-14 18:04:42,37.8106,-122.4303,0.8,0.5,30.0,United States of America
15.0,338691000.0,2020-06-14 18:05:52,37.8114,-122.4306,3.7,333.0,30.0,United States of America
15.0,338691000.0,2020-06-14 18:32:31,37.8504,-122.4582,5.8,324.3,30.0,United States of America
15.0,338691000.0,2020-06-14 18:33:42,37.8509,-122.4598,4.6,270.3,30.0,United States of America
15.0,338691000.0,2020-06-14 19:09:21,37.8456,-122.4631,2.2,205.5,30.0,United States of America
15.0,338691000.0,2020-06-14 19:10:32,37.8451,-122.464,102.3,360.0,30.0,United States of America
15.0,338691000.0,2020-06-14 19:32:02,37.8653,-122.4891,4.3,281.9,30.0,United States of America
15.0,338691000.0,2020-06-14 19:33:12,37.8656,-122.4906,3.2,283.5,30.0,United States of America
15.0,338691000.0,2020-06-14 19:52:42,37.8653,-122.4933,0.0,238.5,30.0,United States of America
16.0,366813420.0,2020-04-23 23:16:27,37.9239,-122.3742,0.1,360.0,30.0,United States of America
16.0,366813420.0,2020-05-03 19:39:43,37.9243,-122.3758,0.2,360.0,30.0,United States of America
16.0,366813420.0,2020-05-03 19:45:11,37.9242,-122.3752,2.2,129.2,30.0,United States of America
16.0,366813420.0,2020-05-03 20:00:11,37.907,-122.3624,5.6,174.7,30.0,United States of America
16.0,366813420.0,2020-05-03 20:01:42,37.9049,-122.3634,5.4,224.1,30.0,United States of America
16.0,366813420.0,2020-05-03 21:44:12,37.7872,-122.5527,7.9,240.4,30.0,United States of America
16.0,366813420.0,2020-05-03 21:45:43,37.7848,-122.5548,7.2,229.7,30.0,United States of America
16.0,366813420.0,2020-05-03 22:04:43,37.7916,-122.5297,3.2,66.5,30.0,United States of America
16.0,366813420.0,2020-05-03 22:06:12,37.7922,-122.528,3.4,343.6,30.0,United States of America
16.0,366813420.0,2020-05-03 23:38:12,37.6032,-122.5461,8.1,175.0,30.0,United States of America
16.0,366813420.0,2020-05-03 23:39:41,37.6,-122.5457,7.1,178.5,30.0,United States of America
16.0,366813420.0,2020-05-05 15:50:39,37.6014,-122.5394,6.5,0.4,30.0,United States of America
16.0,366813420.0,2020-05-05 17:13:41,37.7726,-122.5268,9.5,13.2,30.0,United States of America
16.0,366813420.0,2020-05-05 17:15:09,37.776,-122.5256,8.8,16.2,30.0,United States of America
16.0,366813420.0,2020-05-05 18:26:07,37.9047,-122.402,7.9,0.7,30.0,United States of America
16.0,366813420.0,2020-05-05 18:27:41,37.9072,-122.4001,6.7,69.0,30.0,United States of America
16.0,366813420.0,2020-05-05 19:26:09,37.9242,-122.3744,0.3,360.0,30.0,United States of America
16.0,366813420.0,2020-05-05 19:27:39,37.9243,-122.3745,0.3,360.0,30.0,United States of America
16.0,366813420.0,2020-05-08 01:29:00,37.9208,-122.3698,4.8,127.9,30.0,United States of America
16.0,366813420.0,2020-05-08 01:30:34,37.9195,-122.3676,4.8,124.1,30.0,United States of America
16.0,366813420.0,2020-05-08 03:28:01,37.7755,-122.5319,4.7,205.3,30.0,United States of America
16.0,366813420.0,2020-05-08 03:29:02,37.7743,-122.5329,4.6,212.6,30.0,United States of America
16.0,366813420.0,2020-05-08 05:06:03,37.6041,-122.5487,7.2,171.6,30.0,United States of America
16.0,366813420.0,2020-05-08 05:07:32,37.6013,-122.5482,6.5,175.4,30.0,United States of America
16.0,366813420.0,2020-06-28 12:12:21,37.9647,-122.8978,7.2,137.9,30.0,United States of America
16.0,366813420.0,2020-06-28 13:58:52,37.8244,-122.7514,7.6,156.0,30.0,United States of America
16.0,366813420.0,2020-06-28 14:00:19,37.8218,-122.7499,7.8,149.2,30.0,United States of America
16.0,366813420.0,2020-06-28 14:17:19,37.8404,-122.724,6.3,35.2,30.0,United States of America
16.0,366813420.0,2020-06-28 14:18:49,37.8424,-122.7219,6.6,38.6,30.0,United States of America
16.0,366813420.0,2020-06-28 18:26:58,37.9974,-122.8982,5.5,306.6,30.0,United States of America
17.0,366853960.0,2020-04-23 08:55:07,37.8766,-122.8978,9.7,119.7,30.0,United States of America
17.0,366853960.0,2020-04-23 10:55:04,37.6952,-122.5924,9.4,131.8,30.0,United States of America
17.0,366853960.0,2020-04-23 10:58:04,37.6899,-122.585,9.4,145.7,30.0,United States of America
17.0,366853960.0,2020-04-23 11:33:04,37.6048,-122.5579,9.2,178.1,30.0,United States of America
18.0,366926350.0,2020-04-23 17:43:26,37.8091,-122.4189,0.0,258.9,30.0,United States of America
18.0,366926350.0,2020-05-14 19:29:53,37.8116,-122.4208,4.3,42.5,30.0,United States of America
18.0,366926350.0,2020-05-14 19:31:20,37.8128,-122.4196,6.1,325.6,30.0,United States of America
18.0,366926350.0,2020-05-14 20:49:46,37.7654,-122.5723,1.9,149.9,30.0,United States of America
19.0,367008570.0,2020-06-03 13:23:27,37.6015,-122.5762,6.0,345.9,30.0,United States of America
19.0,367008570.0,2020-06-03 16:05:31,37.8412,-122.6982,4.4,348.5,30.0,United States of America
19.0,367008570.0,2020-06-03 16:07:31,37.8434,-122.6985,2.6,1.7,30.0,United States of America
19.0,367008570.0,2020-06-03 18:05:58,37.86,-122.6749,3.8,40.7,30.0,United States of America
19.0,367008570.0,2020-06-03 18:07:27,37.8606,-122.6734,3.6,102.0,30.0,United States of America
19.0,367008570.0,2020-06-03 20:56:49,37.731,-122.898,5.8,243.3,30.0,United States of America
19.0,367008570.0,2020-06-03 20:57:50,37.7302,-122.9,6.6,237.7,30.0,United States of America
19.0,367008570.0,2020-06-14 17:39:01,37.6106,-122.9,2.8,332.7,30.0,United States of America
19.0,367008570.0,2020-06-14 22:51:58,37.6282,-122.8986,7.0,110.0,30.0,United States of America
19.0,367008570.0,2020-06-14 23:35:00,37.6012,-122.8059,6.4,103.7,30.0,United States of America
19.0,367008570.0,2020-06-14 23:36:30,37.6001,-122.8029,6.5,115.8,30.0,United States of America
19.0,367008570.0,2020-06-22 16:28:35,37.6009,-122.898,6.2,310.0,30.0,United States of America
19.0,367008570.0,2020-06-23 04:16:52,37.6547,-122.8986,7.1,125.1,30.0,United States of America
19.0,367008570.0,2020-06-23 05:07:23,37.6,-122.8054,7.5,134.5,30.0,United States of America
20.0,367103580.0,2020-06-19 02:08:28,37.6907,-122.7693,7.3,31.6,30.0,United States of America
20.0,367103580.0,2020-06-19 03:26:49,37.8436,-122.6839,7.3,336.8,30.0,United States of America
20.0,367103580.0,2020-06-19 18:49:54,37.8216,-122.6911,6.7,182.9,30.0,United States of America
20.0,367103580.0,2020-06-19 21:00:59,37.6006,-122.7524,2.6,213.7,30.0,United States of America
21.0,367108530.0,2020-06-26 22:46:38,37.6015,-122.7555,7.6,336.3,30.0,United States of America
21.0,367108530.0,2020-06-27 00:56:08,37.748,-122.8974,6.8,240.9,30.0,United States of America
21.0,367108530.0,2020-06-27 19:22:38,37.6007,-122.798,7.0,50.6,30.0,United States of America
21.0,367108530.0,2020-06-27 22:17:08,37.8147,-122.421,8.9,104.7,30.0,United States of America
21.0,367108530.0,2020-06-27 22:18:09,37.8133,-122.4192,6.1,164.3,30.0,United States of America
21.0,367108530.0,2020-06-29 19:11:39,37.8086,-122.4204,0.0,0.0,30.0,United States of America
21.0,367108530.0,2020-06-29 19:14:39,37.8088,-122.4202,3.1,5.3,30.0,United States of America
21.0,367108530.0,2020-06-29 23:36:40,37.9931,-122.8984,7.3,291.5,30.0,United States of America
22.0,367109680.0,2020-05-29 12:38:36,37.7017,-122.8996,8.2,168.4,30.0,United States of America
22.0,367109680.0,2020-05-29 13:09:07,37.6327,-122.8807,8.6,170.1,30.0,United States of America
22.0,367109680.0,2020-05-29 13:10:36,37.6294,-122.8798,8.2,166.2,30.0,United States of America
22.0,367109680.0,2020-05-29 13:22:06,37.6033,-122.8769,8.4,178.4,30.0,United States of America
23.0,367118570.0,2020-04-04 14:54:12,37.8084,-122.4166,0.0,360.0,30.0,United States of America
23.0,367118570.0,2020-06-27 20:21:38,37.8084,-122.4166,0.2,24.8,30.0,United States of America
24.0,367119980.0,2020-05-01 02:27:14,37.8975,-122.8975,9.6,126.9,30.0,United States of America
24.0,367119980.0,2020-05-01 05:02:34,37.603,-122.6072,7.9,160.1,30.0,United States of America
24.0,367119980.0,2020-05-01 05:03:43,37.6004,-122.6054,8.4,156.7,30.0,United States of America
24.0,367119980.0,2020-05-13 22:03:46,37.6005,-122.6243,9.8,344.5,30.0,United States of America
24.0,367119980.0,2020-05-14 00:33:56,37.8988,-122.8992,9.1,303.9,30.0,United States of America
25.0,367157880.0,2020-04-26 21:03:11,37.6016,-122.5807,6.5,8.9,30.0,United States of America
25.0,367157880.0,2020-04-27 00:43:29,37.9227,-122.3728,3.8,83.6,30.0,United States of America
25.0,367157880.0,2020-04-27 00:44:30,37.923,-122.3723,0.7,11.2,30.0,United States of America
25.0,367157880.0,2020-05-04 17:10:43,37.9231,-122.3723,0.0,0.0,30.0,United States of America
25.0,367157880.0,2020-05-04 17:12:17,37.9231,-122.3723,0.0,55.8,30.0,United States of America
25.0,367157880.0,2020-05-04 20:50:01,37.6029,-122.5825,7.3,177.7,30.0,United States of America
25.0,367157880.0,2020-05-04 20:51:04,37.6008,-122.5821,7.6,163.6,30.0,United States of America
25.0,367157880.0,2020-06-18 22:24:29,37.6002,-122.8954,3.9,161.7,30.0,United States of America
26.0,367311660.0,2020-05-05 18:39:28,38.2431,-122.6462,0.0,360.0,30.0,United States of America
26.0,367311660.0,2020-05-05 20:08:29,38.2431,-122.6462,0.0,360.0,30.0,United States of America
27.0,367345160.0,2020-04-01 00:03:40,37.8672,-122.3135,0.0,360.0,30.0,United States of America
27.0,367345160.0,2020-04-20 13:17:30,37.8672,-122.3135,0.0,360.0,30.0,United States of America
27.0,367345160.0,2020-04-20 13:20:33,37.8672,-122.3135,0.1,255.3,30.0,United States of America
27.0,367345160.0,2020-04-20 15:09:28,37.7867,-122.5256,6.0,224.4,30.0,United States of America
27.0,367345160.0,2020-04-20 15:10:32,37.7854,-122.5272,6.1,219.9,30.0,United States of America
27.0,367345160.0,2020-04-20 16:50:53,37.6039,-122.548,7.4,185.5,30.0,United States of America
27.0,367345160.0,2020-06-13 19:28:01,37.8131,-122.4619,6.5,278.6,30.0,United States of America
27.0,367345160.0,2020-06-13 20:14:01,37.8148,-122.5394,3.6,299.6,30.0,United States of America
27.0,367345160.0,2020-06-18 13:38:51,37.8015,-122.8994,7.1,145.6,30.0,United States of America
27.0,367345160.0,2020-06-18 15:26:20,37.6399,-122.7704,6.5,146.0,30.0,United States of America
27.0,367345160.0,2020-06-18 15:27:22,37.6385,-122.7691,6.0,137.7,30.0,United States of America
27.0,367345160.0,2020-06-18 15:44:21,37.6196,-122.7668,3.3,178.5,30.0,United States of America
27.0,367345160.0,2020-06-19 13:37:08,37.6225,-122.8986,3.1,107.4,30.0,United States of America
27.0,367345160.0,2020-06-19 14:19:08,37.61,-122.8554,3.3,101.0,30.0,United States of America
27.0,367345160.0,2020-06-19 14:20:37,37.6102,-122.8537,3.0,64.1,30.0,United States of America
27.0,367345160.0,2020-06-19 14:39:09,37.6264,-122.8625,3.4,329.3,30.0,United States of America
27.0,367345160.0,2020-06-28 00:11:21,37.936,-122.8982,7.5,110.2,30.0,United States of America
27.0,367345160.0,2020-06-28 03:00:21,37.8138,-122.5333,7.0,116.9,30.0,United States of America
27.0,367345160.0,2020-06-28 03:01:26,37.813,-122.5308,7.0,108.4,30.0,United States of America
27.0,367345160.0,2020-06-28 03:56:51,37.8126,-122.4225,5.6,91.5,30.0,United States of America
27.0,367345160.0,2020-06-28 03:58:22,37.8122,-122.4194,5.6,139.1,30.0,United States of America
27.0,367345160.0,2020-06-30 23:59:32,37.8099,-122.4207,0.0,360.0,30.0,United States of America
28.0,367355870.0,2020-06-27 03:39:59,37.7717,-122.8997,6.3,134.2,30.0,United States of America
28.0,367355870.0,2020-06-27 04:17:00,37.7269,-122.8365,6.5,130.4,30.0,United States of America
28.0,367355870.0,2020-06-27 04:18:30,37.7251,-122.8339,6.8,130.2,30.0,United States of America
28.0,367355870.0,2020-06-27 04:44:59,37.6952,-122.7872,6.9,127.4,30.0,United States of America
28.0,367355870.0,2020-06-27 04:48:00,37.6917,-122.7821,6.5,126.5,30.0,United States of America
28.0,367355870.0,2020-06-27 05:23:59,37.647,-122.723,5.9,134.9,30.0,United States of America
28.0,367355870.0,2020-06-27 05:25:00,37.6458,-122.7213,5.9,133.3,30.0,United States of America
28.0,367355870.0,2020-06-27 06:00:00,37.6008,-122.6665,6.0,133.6,30.0,United States of America
29.0,367358950.0,2020-04-30 22:19:54,37.7418,-122.891,8.5,147.1,30.0,United States of America
29.0,367358950.0,2020-04-30 23:05:56,37.6555,-122.8146,8.9,140.6,30.0,United States of America
29.0,367358950.0,2020-04-30 23:27:24,37.614,-122.7806,8.1,144.9,30.0,United States of America
29.0,367358950.0,2020-06-22 05:29:10,37.8096,-122.4191,0.9,119.4,30.0,United States of America
29.0,367358950.0,2020-06-22 05:30:41,37.8099,-122.4188,0.8,15.3,30.0,United States of America
29.0,367358950.0,2020-06-22 18:24:19,37.8108,-122.4202,5.8,312.0,30.0,United States of America
29.0,367358950.0,2020-06-22 18:25:50,37.8121,-122.4192,4.9,11.2,30.0,United States of America
29.0,367358950.0,2020-06-22 20:39:22,37.8475,-122.6824,8.3,301.4,30.0,United States of America
30.0,367420820.0,2020-06-19 19:54:14,37.6015,-122.7918,6.7,331.2,30.0,United States of America
30.0,367420820.0,2020-06-19 20:21:46,37.6485,-122.833,8.0,325.8,30.0,United States of America
30.0,367420820.0,2020-06-19 20:23:14,37.6509,-122.8353,7.5,313.3,30.0,United States of America
30.0,367420820.0,2020-06-19 20:51:44,37.6911,-122.8852,7.2,307.9,30.0,United States of America
30.0,367420820.0,2020-06-19 20:53:13,37.6931,-122.8878,6.5,316.3,30.0,United States of America
30.0,367420820.0,2020-06-19 21:04:15,37.7131,-122.8995,8.2,331.6,30.0,United States of America
31.0,367445430.0,2020-04-30 21:00:34,37.8857,-122.8992,7.5,134.4,30.0,United States of America
31.0,367445430.0,2020-04-30 23:51:40,37.6036,-122.5984,8.5,137.0,30.0,United States of America
31.0,367445430.0,2020-04-30 23:53:03,37.601,-122.5964,9.3,161.4,30.0,United States of America
31.0,367445430.0,2020-06-14 13:33:11,37.6099,-122.8994,6.9,298.3,30.0,United States of America
31.0,367445430.0,2020-06-17 22:00:26,37.9281,-122.8999,3.4,146.1,30.0,United States of America
31.0,367445430.0,2020-06-18 00:21:56,37.6023,-122.7872,8.6,182.1,30.0,United States of America
31.0,367445430.0,2020-06-27 00:01:54,37.6013,-122.6427,8.3,319.6,30.0,United States of America
31.0,367445430.0,2020-06-27 02:25:24,37.8391,-122.8981,7.8,313.5,30.0,United States of America
32.0,367448230.0,2020-05-29 22:38:38,37.6367,-122.8186,7.5,353.9,30.0,United States of America
32.0,367448230.0,2020-05-29 22:59:38,37.6801,-122.8299,7.7,354.1,30.0,United States of America
32.0,367448230.0,2020-05-29 23:00:07,37.6812,-122.8302,8.1,342.8,30.0,United States of America
32.0,367448230.0,2020-05-29 23:20:07,37.7222,-122.8435,8.4,345.7,30.0,United States of America
32.0,367448230.0,2020-05-29 23:21:35,37.7253,-122.8444,8.1,349.0,30.0,United States of America
32.0,367448230.0,2020-05-30 00:46:02,37.8938,-122.8998,7.2,342.5,30.0,United States of America
33.0,367455570.0,2020-05-02 14:33:48,37.629,-122.783,9.2,150.8,30.0,United States of America
33.0,367455570.0,2020-05-02 14:34:49,37.6267,-122.7814,10.0,148.0,30.0,United States of America
33.0,367455570.0,2020-05-02 14:35:51,37.6243,-122.7797,9.4,153.6,30.0,United States of America
33.0,367455570.0,2020-05-02 14:37:20,37.6209,-122.7773,9.5,150.8,30.0,United States of America
33.0,367455570.0,2020-05-02 14:38:49,37.6174,-122.7749,9.1,150.2,30.0,United States of America
33.0,367455570.0,2020-05-02 14:40:18,37.614,-122.7724,9.5,148.4,30.0,United States of America
33.0,367455570.0,2020-05-02 14:41:19,37.6118,-122.7708,9.6,150.5,30.0,United States of America
33.0,367455570.0,2020-05-02 14:42:49,37.6083,-122.7683,9.3,153.5,30.0,United States of America
33.0,367455570.0,2020-05-02 14:43:52,37.6059,-122.7666,9.4,147.0,30.0,United States of America
33.0,367455570.0,2020-05-02 14:45:24,37.6025,-122.7642,9.3,154.9,30.0,United States of America
34.0,367460130.0,2020-05-19 00:09:45,37.6001,-122.6157,6.1,10.6,30.0,United States of America
34.0,367460130.0,2020-05-19 00:22:14,37.6003,-122.6068,5.0,154.5,30.0,United States of America
34.0,367460130.0,2020-05-24 15:08:09,37.6016,-122.6946,6.0,32.2,30.0,United States of America
34.0,367460130.0,2020-05-24 19:30:42,37.9214,-122.7871,3.2,342.0,30.0,United States of America
34.0,367460130.0,2020-05-24 19:32:39,37.9224,-122.7883,2.7,244.8,30.0,United States of America
34.0,367460130.0,2020-05-25 00:38:24,37.6044,-122.5773,5.6,180.0,30.0,United States of America
34.0,367460130.0,2020-05-25 00:39:55,37.6018,-122.5772,6.4,179.4,30.0,United States of America
34.0,367460130.0,2020-06-04 20:23:10,37.6319,-122.8994,4.3,21.2,30.0,United States of America
34.0,367460130.0,2020-06-05 00:26:39,37.8887,-122.6669,5.1,338.1,30.0,United States of America
34.0,367460130.0,2020-06-05 00:28:09,37.8907,-122.6679,4.7,328.4,30.0,United States of America
34.0,367460130.0,2020-06-05 10:34:24,37.8939,-122.6733,0.4,137.3,30.0,United States of America
34.0,367460130.0,2020-06-05 10:37:22,37.8939,-122.6733,0.2,85.7,30.0,United States of America
34.0,367460130.0,2020-06-05 17:04:21,37.6037,-122.7234,5.5,161.5,30.0,United States of America
34.0,367460130.0,2020-06-05 17:06:19,37.6008,-122.7219,6.0,158.7,30.0,United States of America
34.0,367460130.0,2020-06-19 15:57:22,37.6009,-122.8737,5.1,143.3,30.0,United States of America
34.0,367460130.0,2020-06-27 01:17:24,37.6013,-122.5908,6.5,349.6,30.0,United States of America
34.0,367460130.0,2020-06-27 05:25:24,37.9593,-122.898,6.6,312.7,30.0,United States of America
34.0,367460130.0,2020-06-27 05:26:26,37.9605,-122.8999,6.8,305.4,30.0,United States of America
34.0,367460130.0,2020-06-28 02:59:33,37.9502,-122.8996,5.4,116.3,30.0,United States of America
34.0,367460130.0,2020-06-28 05:27:05,37.8659,-122.6696,5.0,25.8,30.0,United States of America
34.0,367460130.0,2020-06-28 05:28:32,37.8676,-122.6684,5.1,14.2,30.0,United States of America
34.0,367460130.0,2020-06-28 16:44:29,37.8924,-122.6742,0.4,120.8,30.0,United States of America
34.0,367460130.0,2020-06-28 16:45:54,37.8924,-122.6736,3.7,118.7,30.0,United States of America
34.0,367460130.0,2020-06-28 19:38:10,37.8126,-122.4212,5.1,98.6,30.0,United States of America
34.0,367460130.0,2020-06-28 19:41:38,37.8114,-122.4208,1.1,216.1,30.0,United States of America
34.0,367460130.0,2020-06-29 10:40:38,37.8105,-122.4213,0.0,357.4,30.0,United States of America
34.0,367460130.0,2020-06-29 10:43:40,37.8105,-122.4213,0.1,357.4,30.0,United States of America
34.0,367460130.0,2020-06-29 16:00:17,37.6007,-122.6832,2.4,220.0,30.0,United States of America
34.0,367460130.0,2020-06-29 16:01:48,37.6,-122.6836,1.4,217.4,30.0,United States of America
34.0,367460130.0,2020-06-30 18:00:12,37.602,-122.5401,4.7,187.9,30.0,United States of America
35.0,367463540.0,2020-06-16 17:51:40,37.803,-122.8659,8.5,143.0,30.0,United States of America
35.0,367463540.0,2020-06-16 18:27:35,37.7452,-122.8061,7.1,143.3,30.0,United States of America
35.0,367463540.0,2020-06-16 18:29:06,37.7429,-122.8036,6.2,148.0,30.0,United States of America
35.0,367463540.0,2020-06-16 18:45:35,37.7156,-122.7774,6.9,137.9,30.0,United States of America
35.0,367463540.0,2020-06-16 18:47:03,37.7132,-122.775,7.7,138.7,30.0,United States of America
35.0,367463540.0,2020-06-16 19:29:30,37.6444,-122.7015,7.7,134.9,30.0,United States of America
35.0,367463540.0,2020-06-16 19:30:32,37.6427,-122.6997,7.4,133.1,30.0,United States of America
35.0,367463540.0,2020-06-16 19:56:30,37.6021,-122.655,8.3,141.2,30.0,United States of America
36.0,367508140.0,2020-04-30 05:39:32,37.8514,-122.899,7.7,139.5,30.0,United States of America
36.0,367508140.0,2020-04-30 08:08:02,37.6031,-122.6638,7.8,142.5,30.0,United States of America
36.0,367508140.0,2020-04-30 08:09:08,37.6014,-122.6617,7.8,142.4,30.0,United States of America
36.0,367508140.0,2020-05-31 02:36:19,37.6021,-122.7366,8.6,311.7,30.0,United States of America
36.0,367508140.0,2020-05-31 04:00:17,37.7404,-122.8978,8.3,315.5,30.0,United States of America
37.0,367509430.0,2020-06-30 00:42:44,38.0036,-122.8979,7.0,112.5,30.0,United States of America
37.0,367509430.0,2020-06-30 03:21:14,37.8638,-122.6798,9.0,51.4,30.0,United States of America
37.0,367509430.0,2020-06-30 03:22:17,37.8655,-122.6777,8.4,42.8,30.0,United States of America
37.0,367509430.0,2020-06-30 12:53:50,37.8576,-122.6962,4.1,331.9,30.0,United States of America
38.0,367535010.0,2020-04-28 15:17:19,37.9335,-122.8907,102.3,360.0,30.0,United States of America
38.0,367535010.0,2020-04-28 21:01:22,38.0585,-122.208,102.3,360.0,30.0,United States of America
38.0,367535010.0,2020-04-28 21:04:24,38.0572,-122.2009,102.3,360.0,30.0,United States of America
38.0,367535010.0,2020-05-07 12:49:18,38.0626,-122.231,102.3,360.0,30.0,United States of America
38.0,367535010.0,2020-05-07 17:22:09,37.9302,-122.8782,102.3,360.0,30.0,United States of America
39.0,367548360.0,2020-05-03 12:48:44,37.8169,-122.8999,8.4,149.9,30.0,United States of America
39.0,367548360.0,2020-05-03 12:55:15,37.8041,-122.8902,7.9,145.5,30.0,United States of America
39.0,367548360.0,2020-05-03 12:56:44,37.8013,-122.888,8.7,137.6,30.0,United States of America
39.0,367548360.0,2020-05-03 13:08:14,37.7782,-122.8704,8.5,148.4,30.0,United States of America
39.0,367548360.0,2020-05-03 13:09:47,37.7751,-122.868,9.4,142.9,30.0,United States of America
39.0,367548360.0,2020-05-03 13:28:18,37.7373,-122.8394,8.7,153.1,30.0,United States of America
39.0,367548360.0,2020-05-03 13:29:43,37.7344,-122.8372,8.3,146.6,30.0,United States of America
39.0,367548360.0,2020-05-03 13:48:15,37.697,-122.8086,8.7,155.7,30.0,United States of America
39.0,367548360.0,2020-05-03 13:49:16,37.6948,-122.807,8.5,141.3,30.0,United States of America
39.0,367548360.0,2020-05-03 14:01:44,37.6701,-122.788,9.1,154.3,30.0,United States of America
39.0,367548360.0,2020-05-03 14:03:14,37.6672,-122.7858,8.0,152.0,30.0,United States of America
39.0,367548360.0,2020-05-03 14:19:15,37.6347,-122.7614,8.7,153.1,30.0,United States of America
39.0,367548360.0,2020-05-03 14:20:44,37.6317,-122.7592,8.4,146.0,30.0,United States of America
39.0,367548360.0,2020-05-03 14:26:45,37.6196,-122.7497,8.4,150.1,30.0,United States of America
39.0,367548360.0,2020-05-03 14:28:43,37.6156,-122.7466,8.3,145.3,30.0,United States of America
39.0,367548360.0,2020-05-03 14:35:14,37.6021,-122.7365,8.0,143.9,30.0,United States of America
40.0,367549080.0,2020-04-06 19:52:52,37.7309,-122.8983,8.8,158.6,30.0,United States of America
40.0,367549080.0,2020-04-06 20:12:21,37.6904,-122.8708,8.3,146.3,30.0,United States of America
40.0,367549080.0,2020-04-06 20:13:22,37.6883,-122.8693,8.6,153.2,30.0,United States of America
40.0,367549080.0,2020-04-06 20:34:52,37.6453,-122.8378,8.5,147.9,30.0,United States of America
40.0,367549080.0,2020-04-06 20:36:51,37.6413,-122.8351,8.6,146.1,30.0,United States of America
40.0,367549080.0,2020-04-06 20:39:52,37.6356,-122.8304,8.2,113.4,30.0,United States of America
40.0,367549080.0,2020-04-06 20:43:21,37.6318,-122.8218,8.7,136.4,30.0,United States of America
40.0,367549080.0,2020-04-06 20:58:51,37.6001,-122.8002,8.7,150.1,30.0,United States of America
41.0,367554440.0,2020-05-02 03:50:25,37.6001,-122.5832,6.8,342.7,30.0,United States of America
41.0,367554440.0,2020-05-02 05:27:54,37.7713,-122.6376,6.5,334.9,30.0,United States of America
41.0,367554440.0,2020-05-02 05:28:56,37.7727,-122.6389,6.8,306.9,30.0,United States of America
41.0,367554440.0,2020-05-02 07:43:56,37.9027,-122.8971,6.8,305.5,30.0,United States of America
42.0,367554590.0,2020-04-23 08:53:07,37.8684,-122.8989,10.5,141.4,30.0,United States of America
42.0,367554590.0,2020-04-23 09:19:35,37.8217,-122.8478,9.0,146.9,30.0,United States of America
42.0,367554590.0,2020-04-23 09:21:07,37.819,-122.8448,7.8,136.2,30.0,United States of America
42.0,367554590.0,2020-04-23 09:47:07,37.7731,-122.7973,8.5,140.6,30.0,United States of America
42.0,367554590.0,2020-04-23 09:49:05,37.7697,-122.7936,7.1,147.3,30.0,United States of America
42.0,367554590.0,2020-04-23 10:23:36,37.708,-122.7332,7.5,139.9,30.0,United States of America
42.0,367554590.0,2020-04-23 10:25:06,37.7054,-122.7306,7.5,142.5,30.0,United States of America
42.0,367554590.0,2020-04-23 11:00:05,37.646,-122.6676,8.2,141.1,30.0,United States of America
42.0,367554590.0,2020-04-23 11:01:35,37.6435,-122.6648,7.5,136.7,30.0,United States of America
42.0,367554590.0,2020-04-23 11:24:37,37.6025,-122.6238,7.1,140.7,30.0,United States of America
43.0,367566960.0,2020-04-13 15:31:34,37.8092,-122.4181,0.0,103.3,30.0,United States of America
43.0,367566960.0,2020-06-13 06:10:51,37.8092,-122.4181,0.0,328.7,30.0,United States of America
44.0,367569490.0,2020-06-19 10:54:13,37.6003,-122.7669,1.1,30.4,30.0,United States of America
44.0,367569490.0,2020-06-19 12:09:18,37.6132,-122.7626,0.4,21.6,30.0,United States of America
44.0,367569490.0,2020-06-19 12:10:48,37.6135,-122.7626,2.5,1.0,30.0,United States of America
44.0,367569490.0,2020-06-19 12:26:50,37.6036,-122.7729,4.2,208.1,30.0,United States of America
45.0,367586620.0,2020-04-04 13:55:57,37.7277,-122.6946,7.6,316.2,30.0,United States of America
45.0,367586620.0,2020-04-04 14:27:57,37.7742,-122.7518,7.3,313.3,30.0,United States of America
45.0,367586620.0,2020-04-04 14:29:27,37.7764,-122.7545,7.6,313.1,30.0,United States of America
45.0,367586620.0,2020-04-11 19:39:14,37.7831,-122.7213,6.7,130.3,30.0,United States of America
45.0,367586620.0,2020-04-11 20:06:45,37.7512,-122.6911,7.8,155.5,30.0,United States of America
46.0,367608670.0,2020-04-28 17:32:16,37.9026,-122.8998,7.0,160.2,30.0,United States of America
46.0,367608670.0,2020-04-28 20:15:44,37.6013,-122.7546,6.9,166.5,30.0,United States of America
46.0,367608670.0,2020-05-11 18:02:50,37.6003,-122.7122,7.9,339.2,30.0,United States of America
46.0,367608670.0,2020-05-11 20:46:50,37.8957,-122.8974,9.1,323.1,30.0,United States of America
46.0,367608670.0,2020-05-11 20:47:53,37.8973,-122.8993,7.2,310.0,30.0,United States of America
46.0,367608670.0,2020-05-18 14:26:12,37.8792,-122.8995,2.5,117.5,30.0,United States of America
46.0,367608670.0,2020-05-18 16:53:13,37.8546,-122.6799,3.5,106.5,30.0,United States of America
46.0,367608670.0,2020-05-18 16:54:43,37.8541,-122.6782,3.9,135.7,30.0,United States of America
46.0,367608670.0,2020-05-19 01:42:56,37.851,-122.6214,4.4,99.8,30.0,United States of America
46.0,367608670.0,2020-05-19 01:44:28,37.8504,-122.6194,4.0,139.6,30.0,United States of America
46.0,367608670.0,2020-05-19 15:17:15,37.8479,-122.6329,4.0,107.2,30.0,United States of America
46.0,367608670.0,2020-05-19 15:18:45,37.8468,-122.632,3.3,194.1,30.0,United States of America
46.0,367608670.0,2020-05-19 18:56:13,37.936,-122.8971,6.6,288.2,30.0,United States of America
46.0,367608670.0,2020-05-19 18:57:14,37.9367,-122.8993,7.7,287.5,30.0,United States of America
46.0,367608670.0,2020-05-20 22:13:04,37.7886,-122.8994,8.5,149.4,30.0,United States of America
46.0,367608670.0,2020-05-20 23:56:01,37.601,-122.7737,7.6,147.3,30.0,United States of America
46.0,367608670.0,2020-06-04 18:31:23,37.6009,-122.5871,7.5,328.2,30.0,United States of America
46.0,367608670.0,2020-06-04 21:43:32,37.9062,-122.895,6.1,310.3,30.0,United States of America
46.0,367608670.0,2020-06-04 21:45:02,37.9081,-122.8979,6.5,307.6,30.0,United States of America
46.0,367608670.0,2020-06-18 13:23:24,37.8112,-122.8999,6.1,170.4,30.0,United States of America
46.0,367608670.0,2020-06-18 15:08:24,37.6053,-122.8387,7.2,163.8,30.0,United States of America
46.0,367608670.0,2020-06-18 15:09:57,37.6024,-122.8375,6.9,159.8,30.0,United States of America
46.0,367608670.0,2020-06-19 02:41:20,37.6,-122.8898,2.7,133.6,30.0,United States of America
46.0,367608670.0,2020-06-23 03:42:45,37.6003,-122.8066,7.0,331.4,30.0,United States of America
46.0,367608670.0,2020-06-23 05:00:44,37.7282,-122.8995,7.0,323.0,30.0,United States of America
47.0,367611370.0,2020-04-28 08:43:36,37.7476,-122.8982,5.9,145.5,30.0,United States of America
47.0,367611370.0,2020-04-28 10:12:06,37.6013,-122.7808,6.1,145.4,30.0,United States of America
47.0,367611370.0,2020-05-29 04:53:11,37.6011,-122.5997,6.7,13.4,30.0,United States of America
47.0,367611370.0,2020-05-29 07:48:28,37.8092,-122.4178,1.9,86.1,30.0,United States of America
47.0,367611370.0,2020-05-29 07:49:55,37.8093,-122.4176,0.1,180.7,30.0,United States of America
47.0,367611370.0,2020-05-30 08:09:47,37.8115,-122.4207,4.9,45.7,30.0,United States of America
47.0,367611370.0,2020-05-30 08:11:16,37.8127,-122.4203,2.8,291.8,30.0,United States of America
47.0,367611370.0,2020-05-30 11:06:16,37.6035,-122.6155,7.9,194.1,30.0,United States of America
47.0,367611370.0,2020-05-30 11:07:46,37.6011,-122.6164,5.5,198.2,30.0,United States of America
47.0,367611370.0,2020-06-04 03:07:11,37.6001,-122.5537,6.5,3.8,30.0,United States of America
47.0,367611370.0,2020-06-04 05:27:40,37.8157,-122.4478,8.5,94.8,30.0,United States of America
47.0,367611370.0,2020-06-04 09:32:32,37.8119,-122.4249,1.2,252.6,30.0,United States of America
47.0,367611370.0,2020-06-04 11:55:01,37.6916,-122.7175,6.4,235.7,30.0,United States of America
47.0,367611370.0,2020-06-07 06:28:35,37.6006,-122.6097,6.7,24.3,30.0,United States of America
47.0,367611370.0,2020-06-07 09:12:29,37.813,-122.4232,4.8,109.4,30.0,United States of America
47.0,367611370.0,2020-06-07 09:13:59,37.8126,-122.4206,5.2,91.4,30.0,United States of America
47.0,367611370.0,2020-06-13 15:11:34,37.8102,-122.4194,0.7,146.1,30.0,United States of America
47.0,367611370.0,2020-06-13 15:12:36,37.8102,-122.4194,0.3,71.4,30.0,United States of America
47.0,367611370.0,2020-06-13 20:35:25,37.8146,-122.4315,1.8,283.5,30.0,United States of America
47.0,367611370.0,2020-06-13 20:36:55,37.8147,-122.4325,2.1,281.9,30.0,United States of America
47.0,367611370.0,2020-06-14 00:48:25,37.8934,-122.8988,6.6,299.5,30.0,United States of America
47.0,367611370.0,2020-06-16 01:59:13,37.9101,-122.8978,7.2,113.9,30.0,United States of America
47.0,367611370.0,2020-06-16 05:50:16,37.8103,-122.4203,2.7,132.3,30.0,United States of America
47.0,367611370.0,2020-06-16 05:51:46,37.8096,-122.4202,1.5,274.8,30.0,United States of America
47.0,367611370.0,2020-06-18 04:26:55,37.6161,-122.7958,7.1,336.8,30.0,United States of America
47.0,367611370.0,2020-06-18 04:28:54,37.6169,-122.7966,0.7,149.1,30.0,United States of America
47.0,367611370.0,2020-06-18 08:19:35,37.6,-122.7839,0.5,132.3,30.0,United States of America
47.0,367611370.0,2020-06-21 23:04:21,37.6015,-122.6371,6.1,25.9,30.0,United States of America
47.0,367611370.0,2020-06-22 02:23:36,37.8141,-122.423,7.3,103.0,30.0,United States of America
47.0,367611370.0,2020-06-22 02:25:08,37.8127,-122.4198,6.8,148.3,30.0,United States of America
47.0,367611370.0,2020-06-23 04:42:56,37.6018,-122.5447,5.5,187.0,30.0,United States of America
47.0,367611370.0,2020-06-28 07:44:22,37.9355,-122.8983,5.6,119.0,30.0,United States of America
47.0,367611370.0,2020-06-28 11:34:20,37.8134,-122.421,6.7,107.1,30.0,United States of America
47.0,367611370.0,2020-06-28 11:36:21,37.8117,-122.4203,2.9,252.5,30.0,United States of America
47.0,367611370.0,2020-06-29 12:41:41,37.81,-122.4216,0.0,360.0,30.0,United States of America
47.0,367611370.0,2020-06-29 12:46:37,37.8123,-122.4194,4.2,17.7,30.0,United States of America
47.0,367611370.0,2020-06-29 18:24:36,37.9346,-122.8986,6.5,293.3,30.0,United States of America
48.0,367614770.0,2020-04-28 05:28:25,37.842,-122.8991,6.7,133.1,30.0,United States of America
48.0,367614770.0,2020-04-28 08:10:24,37.6025,-122.6365,6.3,149.2,30.0,United States of America
48.0,367614770.0,2020-04-28 08:11:52,37.6003,-122.6342,7.0,136.5,30.0,United States of America
48.0,367614770.0,2020-05-29 06:57:30,37.6008,-122.6482,6.6,23.5,30.0,United States of America
48.0,367614770.0,2020-05-29 09:47:58,37.8132,-122.42,6.7,82.6,30.0,United States of America
48.0,367614770.0,2020-05-29 09:49:28,37.8122,-122.4188,2.7,210.3,30.0,United States of America
48.0,367614770.0,2020-05-31 03:03:28,37.812,-122.4191,4.5,59.2,30.0,United States of America
48.0,367614770.0,2020-05-31 03:04:57,37.8135,-122.4196,4.1,284.2,30.0,United States of America
48.0,367614770.0,2020-05-31 06:21:27,37.6026,-122.6887,6.5,228.6,30.0,United States of America
48.0,367614770.0,2020-05-31 06:22:58,37.6008,-122.6912,6.4,224.1,30.0,United States of America
48.0,367614770.0,2020-06-04 03:33:05,37.6011,-122.5876,6.0,12.6,30.0,United States of America
48.0,367614770.0,2020-06-04 09:37:57,37.8118,-122.4199,3.3,83.7,30.0,United States of America
48.0,367614770.0,2020-06-04 09:39:26,37.8125,-122.4189,3.7,334.7,30.0,United States of America
48.0,367614770.0,2020-06-04 12:52:40,37.6697,-122.8245,5.8,243.9,30.0,United States of America
48.0,367614770.0,2020-06-04 12:54:10,37.6686,-122.8272,5.6,243.3,30.0,United States of America
48.0,367614770.0,2020-06-05 13:34:48,37.813,-122.4216,3.8,75.3,30.0,United States of America
48.0,367614770.0,2020-06-05 13:36:20,37.8128,-122.4195,4.2,141.0,30.0,United States of America
48.0,367614770.0,2020-06-13 20:24:16,37.8167,-122.4671,4.6,276.8,30.0,United States of America
48.0,367614770.0,2020-06-22 04:35:22,37.6368,-122.6977,6.5,48.3,30.0,United States of America
48.0,367614770.0,2020-06-22 07:19:49,37.8127,-122.4209,4.5,85.9,30.0,United States of America
48.0,367614770.0,2020-06-22 07:21:19,37.8124,-122.4192,3.8,174.4,30.0,United States of America
48.0,367614770.0,2020-06-23 02:34:16,37.8111,-122.4208,4.5,350.3,30.0,United States of America
48.0,367614770.0,2020-06-23 02:35:47,37.8124,-122.4194,3.2,320.1,30.0,United States of America
48.0,367614770.0,2020-06-23 05:35:16,37.6019,-122.5853,5.3,179.9,30.0,United States of America
48.0,367614770.0,2020-06-28 07:35:08,37.9269,-122.8977,6.5,118.0,30.0,United States of America
48.0,367614770.0,2020-06-28 12:48:43,37.8104,-122.4204,2.4,161.9,30.0,United States of America
48.0,367614770.0,2020-06-28 12:50:14,37.8098,-122.4194,2.7,51.1,30.0,United States of America
48.0,367614770.0,2020-06-29 04:51:50,37.8109,-122.4212,1.5,309.9,30.0,United States of America
48.0,367614770.0,2020-06-29 04:55:49,37.8125,-122.4218,5.2,261.6,30.0,United States of America
48.0,367614770.0,2020-06-29 08:34:50,37.9228,-122.8989,6.3,289.6,30.0,United States of America
49.0,367647710.0,2020-05-09 13:49:53,37.6014,-122.7188,7.0,312.0,30.0,United States of America
49.0,367647710.0,2020-05-09 15:15:25,37.655,-122.8964,6.9,279.7,30.0,United States of America
49.0,367647710.0,2020-05-09 15:16:53,37.6554,-122.8997,6.4,279.4,30.0,United States of America
49.0,367647710.0,2020-05-10 00:22:22,37.6,-122.8378,2.6,99.1,30.0,United States of America
49.0,367647710.0,2020-05-24 14:21:39,37.6005,-122.806,6.2,309.3,30.0,United States of America
49.0,367647710.0,2020-05-24 16:07:09,37.6222,-122.8292,2.6,96.9,30.0,United States of America
49.0,367647710.0,2020-05-24 16:08:10,37.6218,-122.829,1.2,183.0,30.0,United States of America
49.0,367647710.0,2020-05-24 17:15:08,37.7129,-122.8996,6.7,322.7,30.0,United States of America
49.0,367647710.0,2020-05-24 21:58:40,37.8455,-122.8988,7.7,118.9,30.0,United States of America
49.0,367647710.0,2020-05-24 23:37:38,37.7564,-122.6855,7.1,129.8,30.0,United States of America
49.0,367647710.0,2020-05-24 23:39:08,37.7545,-122.6826,7.3,130.8,30.0,United States of America
49.0,367647710.0,2020-05-25 01:06:39,37.6037,-122.5904,7.0,155.1,30.0,United States of America
49.0,367647710.0,2020-05-25 01:08:08,37.6011,-122.589,7.3,156.3,30.0,United States of America
49.0,367647710.0,2020-06-14 14:57:23,37.601,-122.8461,2.9,10.8,30.0,United States of America
49.0,367647710.0,2020-06-14 15:45:54,37.6003,-122.8184,3.2,166.8,30.0,United States of America
49.0,367647710.0,2020-06-19 11:58:53,37.6002,-122.7584,1.0,11.7,30.0,United States of America
49.0,367647710.0,2020-06-22 16:46:48,37.6496,-122.836,7.2,299.7,30.0,United States of America
50.0,367733020.0,2020-04-21 15:32:32,37.8088,-122.4198,0.0,0.0,30.0,United States of America
50.0,367733020.0,2020-04-22 17:12:48,37.8088,-122.4197,0.0,0.0,30.0,United States of America
50.0,367733020.0,2020-04-22 17:15:49,37.8086,-122.42,1.6,286.6,30.0,United States of America
50.0,367733020.0,2020-04-22 18:20:19,37.8976,-122.411,6.4,4.5,30.0,United States of America
50.0,367733020.0,2020-04-22 18:21:48,37.8999,-122.4096,5.8,43.3,30.0,United States of America
50.0,367733020.0,2020-04-22 18:49:18,37.9031,-122.3631,5.1,76.2,30.0,United States of America
50.0,367733020.0,2020-04-22 18:50:48,37.9047,-122.3614,5.3,13.6,30.0,United States of America
50.0,367733020.0,2020-04-22 19:19:48,37.9242,-122.3754,1.3,351.4,30.0,United States of America
50.0,367733020.0,2020-04-22 19:22:49,37.9245,-122.3754,0.0,5.0,30.0,United States of America
50.0,367733020.0,2020-04-28 15:29:39,37.923,-122.3737,5.2,112.0,30.0,United States of America
50.0,367733020.0,2020-04-28 15:31:08,37.9218,-122.3713,5.6,129.4,30.0,United States of America
50.0,367733020.0,2020-04-28 16:04:08,37.8996,-122.4111,7.1,231.9,30.0,United States of America
50.0,367733020.0,2020-04-28 16:05:39,37.8974,-122.4139,7.7,211.9,30.0,United States of America
50.0,367733020.0,2020-04-28 16:53:10,37.8101,-122.4198,1.2,155.4,30.0,United States of America
50.0,367733020.0,2020-04-28 16:54:39,37.8097,-122.4193,1.8,57.3,30.0,United States of America
50.0,367733020.0,2020-05-02 14:50:29,37.8118,-122.4201,3.4,80.3,30.0,United States of America
50.0,367733020.0,2020-05-02 14:51:59,37.8124,-122.4206,4.0,268.6,30.0,United States of America
50.0,367733020.0,2020-05-02 16:19:30,37.7377,-122.5664,6.3,213.2,30.0,United States of America
50.0,367733020.0,2020-05-02 16:20:59,37.7353,-122.5682,6.7,206.6,30.0,United States of America
50.0,367733020.0,2020-05-02 17:35:00,37.6029,-122.5827,6.5,176.9,30.0,United States of America
50.0,367733020.0,2020-05-02 17:36:29,37.6002,-122.5821,6.5,168.1,30.0,United States of America
50.0,367733020.0,2020-05-09 21:58:28,37.6007,-122.5808,5.8,344.7,30.0,United States of America
50.0,367733020.0,2020-05-09 23:28:30,37.754,-122.6246,6.2,351.3,30.0,United States of America
50.0,367733020.0,2020-05-09 23:29:58,37.7566,-122.625,7.1,5.8,30.0,United States of America
50.0,367733020.0,2020-05-10 00:28:28,37.7964,-122.5156,5.6,68.4,30.0,United States of America
50.0,367733020.0,2020-05-10 00:29:58,37.7974,-122.5128,5.9,79.6,30.0,United States of America
50.0,367733020.0,2020-05-16 16:35:56,37.816,-122.4687,7.2,278.2,30.0,United States of America
51.0,368068430.0,2020-05-06 18:38:32,37.6044,-122.8971,7.7,119.8,30.0,United States of America
51.0,368068430.0,2020-05-10 13:30:12,37.6069,-122.8968,6.7,292.4,30.0,United States of America
51.0,368068430.0,2020-05-23 19:06:55,37.8569,-122.8981,7.4,140.1,30.0,United States of America
51.0,368068430.0,2020-05-23 22:28:54,37.6013,-122.6529,7.7,144.3,30.0,United States of America
51.0,368068430.0,2020-05-24 13:22:31,37.6007,-122.5454,3.2,23.9,30.0,United States of America
51.0,368068430.0,2020-05-24 18:01:33,37.6714,-122.5749,3.4,337.4,30.0,United States of America
51.0,368068430.0,2020-05-24 18:03:01,37.6726,-122.5755,3.0,313.4,30.0,United States of America
51.0,368068430.0,2020-05-24 22:54:02,37.9271,-122.8969,6.9,294.9,30.0,United States of America
51.0,368068430.0,2020-05-24 22:55:31,37.9283,-122.9,7.6,294.6,30.0,United States of America
51.0,368068430.0,2020-05-30 17:03:13,37.6,-122.6566,8.0,317.3,30.0,United States of America
51.0,368068430.0,2020-05-30 19:28:44,37.8333,-122.8997,8.2,327.2,30.0,United States of America
52.0,368069360.0,2020-05-01 00:26:04,37.7507,-122.8267,7.5,145.1,30.0,United States of America
52.0,368069360.0,2020-05-01 00:34:34,37.7368,-122.8156,7.0,149.3,30.0,United States of America
52.0,368069360.0,2020-05-01 00:36:34,37.7335,-122.8129,6.9,144.0,30.0,United States of America
52.0,368069360.0,2020-05-01 00:52:33,37.7162,-122.7974,5.1,136.1,30.0,United States of America
52.0,368069360.0,2020-05-01 00:54:04,37.7143,-122.7957,6.4,161.7,30.0,United States of America
52.0,368069360.0,2020-05-01 01:05:36,37.6947,-122.7824,6.7,150.0,30.0,United States of America
52.0,368069360.0,2020-05-01 01:07:03,37.6923,-122.7805,6.9,146.3,30.0,United States of America
52.0,368069360.0,2020-05-01 01:32:35,37.6524,-122.7455,7.3,147.0,30.0,United States of America
53.0,368085340.0,2020-04-06 22:36:01,37.6022,-122.7788,7.5,329.8,30.0,United States of America
53.0,368085340.0,2020-04-07 00:14:31,37.7872,-122.8964,7.6,324.9,30.0,United States of America
53.0,368085340.0,2020-04-07 00:16:02,37.7899,-122.8984,7.1,329.5,30.0,United States of America
53.0,368085340.0,2020-05-02 10:47:35,37.7562,-122.8994,6.9,147.7,30.0,United States of America
53.0,368085340.0,2020-05-02 12:21:37,37.6006,-122.7796,6.8,140.8,30.0,United States of America
54.0,368141480.0,2020-05-30 23:28:41,37.6026,-122.7595,11.0,331.2,30.0,United States of America
54.0,368141480.0,2020-05-30 23:29:42,37.6052,-122.7613,10.3,328.0,30.0,United States of America
54.0,368141480.0,2020-05-30 23:30:52,37.608,-122.7638,10.3,321.8,30.0,United States of America
54.0,368141480.0,2020-05-30 23:33:12,37.6141,-122.7674,10.6,338.0,30.0,United States of America
54.0,368141480.0,2020-05-30 23:34:22,37.617,-122.7695,9.9,322.2,30.0,United States of America
54.0,368141480.0,2020-05-30 23:36:42,37.6224,-122.7744,10.7,325.8,30.0,United States of America
54.0,368141480.0,2020-05-30 23:37:52,37.6251,-122.7768,10.3,323.5,30.0,United States of America
54.0,368141480.0,2020-05-30 23:42:31,37.6365,-122.7854,10.3,318.4,30.0,United States of America
54.0,368141480.0,2020-05-30 23:43:41,37.6391,-122.788,10.9,328.7,30.0,United States of America
54.0,368141480.0,2020-05-30 23:44:52,37.6422,-122.7898,10.7,333.3,30.0,United States of America
54.0,368141480.0,2020-05-30 23:46:01,37.645,-122.792,10.0,322.7,30.0,United States of America
54.0,368141480.0,2020-05-30 23:47:12,37.6474,-122.7948,10.2,321.2,30.0,United States of America
54.0,368141480.0,2020-05-30 23:48:22,37.6501,-122.7971,10.2,332.6,30.0,United States of America
54.0,368141480.0,2020-05-30 23:49:33,37.6533,-122.7986,10.1,340.1,30.0,United States of America
54.0,368141480.0,2020-05-30 23:50:41,37.6561,-122.8006,9.6,321.3,30.0,United States of America
54.0,368141480.0,2020-05-30 23:51:52,37.6586,-122.8034,10.1,321.6,30.0,United States of America
54.0,368141480.0,2020-05-30 23:54:12,37.6642,-122.8078,10.1,324.0,30.0,United States of America
54.0,368141480.0,2020-05-30 23:55:22,37.6669,-122.8101,10.5,330.0,30.0,United States of America
54.0,368141480.0,2020-05-30 23:57:42,37.6731,-122.8131,10.5,340.8,30.0,United States of America
54.0,368141480.0,2020-05-30 23:58:52,37.6759,-122.815,9.6,318.9,30.0,United States of America
54.0,368141480.0,2020-05-31 00:01:11,37.6811,-122.8196,10.3,325.3,30.0,United States of America
54.0,368141480.0,2020-05-31 00:02:22,37.6839,-122.8219,9.9,326.5,30.0,United States of America
54.0,368141480.0,2020-05-31 00:05:52,37.6921,-122.828,9.9,322.0,30.0,United States of America
54.0,368141480.0,2020-05-31 00:07:02,37.6949,-122.8302,9.9,333.9,30.0,United States of America
54.0,368141480.0,2020-05-31 00:08:13,37.698,-122.8319,10.3,337.0,30.0,United States of America
54.0,368141480.0,2020-05-31 00:09:22,37.7007,-122.834,10.2,322.6,30.0,United States of America
54.0,368141480.0,2020-05-31 00:10:31,37.7029,-122.8368,9.8,314.0,30.0,United States of America
54.0,368141480.0,2020-05-31 00:11:33,37.705,-122.8392,10.4,323.5,30.0,United States of America
54.0,368141480.0,2020-05-31 00:13:51,37.711,-122.8427,10.1,343.9,30.0,United States of America
54.0,368141480.0,2020-05-31 00:15:03,37.7139,-122.8447,10.1,326.3,30.0,United States of America
54.0,368141480.0,2020-05-31 00:30:11,37.7503,-122.8734,10.2,330.3,30.0,United States of America
54.0,368141480.0,2020-05-31 00:31:22,37.7532,-122.8755,10.0,331.2,30.0,United States of America
54.0,368141480.0,2020-05-31 00:43:02,37.7813,-122.8983,10.4,324.3,30.0,United States of America
